{
  "Total" : {
    "transaction" : "Total",
    "sampleCount" : 19,
    "errorCount" : 1,
    "errorPct" : 5.263158,
    "meanResTime" : 427.8947368421053,
    "medianResTime" : 523.0,
    "minResTime" : 0.0,
    "maxResTime" : 876.0,
    "pct1ResTime" : 651.0,
    "pct2ResTime" : 876.0,
    "pct3ResTime" : 876.0,
    "throughput" : 0.3303198887343533,
    "receivedKBytesPerSec" : 0.6825071714186369,
    "sentKBytesPerSec" : 0.13001591837621695
  },
  "GET Category Details" : {
    "transaction" : "GET Category Details",
    "sampleCount" : 19,
    "errorCount" : 1,
    "errorPct" : 5.263158,
    "meanResTime" : 427.8947368421053,
    "medianResTime" : 523.0,
    "minResTime" : 0.0,
    "maxResTime" : 876.0,
    "pct1ResTime" : 651.0,
    "pct2ResTime" : 876.0,
    "pct3ResTime" : 876.0,
    "throughput" : 0.3301247524064357,
    "receivedKBytesPerSec" : 0.6821039806095145,
    "sentKBytesPerSec" : 0.12993911153004134
  },
  "GET Category Details-0" : {
    "transaction" : "GET Category Details-0",
    "sampleCount" : 14,
    "errorCount" : 1,
    "errorPct" : 7.142857,
    "meanResTime" : 580.7142857142857,
    "medianResTime" : 541.0,
    "minResTime" : 502.0,
    "maxResTime" : 876.0,
    "pct1ResTime" : 763.5,
    "pct2ResTime" : 876.0,
    "pct3ResTime" : 876.0,
    "throughput" : 0.2434994347334551,
    "receivedKBytesPerSec" : 0.6828039394729977,
    "sentKBytesPerSec" : 0.13007245195234368
  }
}