{
  "Total" : {
    "transaction" : "Total",
    "sampleCount" : 14,
    "errorCount" : 1,
    "errorPct" : 7.142857,
    "meanResTime" : 543.4999999999999,
    "medianResTime" : 522.5,
    "minResTime" : 493.0,
    "maxResTime" : 799.0,
    "pct1ResTime" : 683.0,
    "pct2ResTime" : 799.0,
    "pct3ResTime" : 799.0,
    "throughput" : 0.2434740265386689,
    "receivedKBytesPerSec" : 0.6827326916053634,
    "sentKBytesPerSec" : 0.13005887941079286
  },
  "GET Category Details" : {
    "transaction" : "GET Category Details",
    "sampleCount" : 33,
    "errorCount" : 2,
    "errorPct" : 6.060606,
    "meanResTime" : 462.5757575757576,
    "medianResTime" : 518.0,
    "minResTime" : 0.0,
    "maxResTime" : 799.0,
    "pct1ResTime" : 577.8000000000001,
    "pct2ResTime" : 799.0,
    "pct3ResTime" : 799.0,
    "throughput" : 0.573384532517853,
    "receivedKBytesPerSec" : 1.364231664726426,
    "sentKBytesPerSec" : 0.2598827385192779
  }
}