{
  "Total" : {
    "transaction" : "Total",
    "sampleCount" : 54,
    "errorCount" : 5,
    "errorPct" : 9.259259,
    "meanResTime" : 603.1666666666667,
    "medianResTime" : 529.0,
    "minResTime" : 453.0,
    "maxResTime" : 1189.0,
    "pct1ResTime" : 815.0,
    "pct2ResTime" : 1034.5,
    "pct3ResTime" : 1189.0,
    "throughput" : 0.18151626587426972,
    "receivedKBytesPerSec" : 0.5068510835512648,
    "sentKBytesPerSec" : 0.09696230218088431
  },
  "GET Category Details" : {
    "transaction" : "GET Category Details",
    "sampleCount" : 113,
    "errorCount" : 10,
    "errorPct" : 8.849558,
    "meanResTime" : 577.6371681415928,
    "medianResTime" : 529.0,
    "minResTime" : 0.0,
    "maxResTime" : 1189.0,
    "pct1ResTime" : 817.2000000000002,
    "pct2ResTime" : 995.0,
    "pct3ResTime" : 1189.0,
    "throughput" : 0.379775764256715,
    "receivedKBytesPerSec" : 1.013531822184282,
    "sentKBytesPerSec" : 0.19389201681095905
  }
}