{
  "Total" : {
    "transaction" : "Total",
    "sampleCount" : 14,
    "errorCount" : 1,
    "errorPct" : 7.142857,
    "meanResTime" : 740.0714285714284,
    "medianResTime" : 670.5,
    "minResTime" : 486.0,
    "maxResTime" : 1762.0,
    "pct1ResTime" : 1432.5,
    "pct2ResTime" : 1762.0,
    "pct3ResTime" : 1762.0,
    "throughput" : 0.23944721899158514,
    "receivedKBytesPerSec" : 0.6711069516658684,
    "sentKBytesPerSec" : 0.127907840613669
  },
  "GET Category Details" : {
    "transaction" : "GET Category Details",
    "sampleCount" : 33,
    "errorCount" : 2,
    "errorPct" : 6.060606,
    "meanResTime" : 629.2727272727273,
    "medianResTime" : 571.0,
    "minResTime" : 0.0,
    "maxResTime" : 1762.0,
    "pct1ResTime" : 1103.0,
    "pct2ResTime" : 1762.0,
    "pct3ResTime" : 1762.0,
    "throughput" : 0.5639097744360902,
    "receivedKBytesPerSec" : 1.3410212320574162,
    "sentKBytesPerSec" : 0.2555883672248804
  }
}