{
  "Total" : {
    "transaction" : "Total",
    "sampleCount" : 19,
    "errorCount" : 1,
    "errorPct" : 5.263158,
    "meanResTime" : 407.1052631578947,
    "medianResTime" : 525.0,
    "minResTime" : 0.0,
    "maxResTime" : 832.0,
    "pct1ResTime" : 574.0,
    "pct2ResTime" : 832.0,
    "pct3ResTime" : 832.0,
    "throughput" : 0.3303486047118143,
    "receivedKBytesPerSec" : 0.6825665043901591,
    "sentKBytesPerSec" : 0.13002722115969748
  },
  "GET Category Details" : {
    "transaction" : "GET Category Details",
    "sampleCount" : 19,
    "errorCount" : 1,
    "errorPct" : 5.263158,
    "meanResTime" : 407.1052631578947,
    "medianResTime" : 525.0,
    "minResTime" : 0.0,
    "maxResTime" : 832.0,
    "pct1ResTime" : 574.0,
    "pct2ResTime" : 832.0,
    "pct3ResTime" : 832.0,
    "throughput" : 0.3301419610432486,
    "receivedKBytesPerSec" : 0.6821395371062188,
    "sentKBytesPerSec" : 0.12994588495421452
  },
  "GET Category Details-0" : {
    "transaction" : "GET Category Details-0",
    "sampleCount" : 14,
    "errorCount" : 1,
    "errorPct" : 7.142857,
    "meanResTime" : 552.5,
    "medianResTime" : 530.5,
    "minResTime" : 490.0,
    "maxResTime" : 832.0,
    "pct1ResTime" : 703.0,
    "pct2ResTime" : 832.0,
    "pct3ResTime" : 832.0,
    "throughput" : 0.2435672158527462,
    "receivedKBytesPerSec" : 0.6829940065067241,
    "sentKBytesPerSec" : 0.13010865924946502
  }
}